,name,rating,reviews,type of Company,headQuarter,Age of Company,Employees
0,TCS,3.9,(27k Reviews),Public,"Mumbai,Maharashtra + 206 more",54 years old,1 Lakh+ employees (India)
1,Accenture,4.0,(20.8k Reviews),Public,"Dublin,Dublin + 120 more",33 years old,1 Lakh+ employees (India)
2,Cognizant,3.9,(19k Reviews),Private,"Teaneck,New Jersey + 72 more",28 years old,1 Lakh+ employees (India)
3,ICICI Bank,4.0,(18.6k Reviews),Public,"Mumbai,Maharashtra + 900 more",28 years old,50k-1 Lakh employees (India)
4,HDFC Bank,4.0,(16.4k Reviews),Public,"Mumbai,Maharashtra + 968 more",28 years old,1 Lakh+ employees (India)
5,Wipro,3.8,(15.1k Reviews),Public,"Bangalore/Bengaluru,Karnataka + 220 more",77 years old,1 Lakh+ employees (India)
6,Capgemini,3.7,(14.3k Reviews),Public,Paris + 61 more,55 years old,1 Lakh+ employees (India)
7,HCL Technologies,3.8,(13.9k Reviews),Public,"Noida,Uttar Pradesh + 137 more",46 years old,1 Lakh+ employees (India)
8,Infosys,3.9,(13.7k Reviews),Public,"Bangalore/Bengaluru,Karnataka + 99 more",41 years old,1 Lakh+ employees (India)
9,Tech Mahindra,3.6,(13k Reviews),Public,"Pune,Maharashtra + 138 more",36 years old,50k-1 Lakh employees (India)
10,Genpact,4.0,(12.1k Reviews),Private,"New York,New York + 49 more",25 years old,50k-1 Lakh employees (India)
11,Axis Bank,3.8,(11.7k Reviews),Public,"Mumbai,Maharashtra + 875 more",29 years old,50k-1 Lakh employees (India)
12,Vodafone Idea,4.2,(11.4k Reviews),Public,"Gandhinagar,Gujrat + 506 more",4 years old,10k-50k employees (India)
13,L&T,4.0,(11.2k Reviews),Public,"Mumbai,Maharashtra + 434 more",84 years old,10k-50k employees (India)
14,Reliance jio,4.0,(11.1k Reviews),Public,"Navi Mumbai,Maharashtra + 791 more",15 years old,10k-50k employees (India)
15,IBM,4.1,(10.9k Reviews),Public,New York + 99 more,111 years old,50k-1 Lakh employees (India)
16,Concentrix Corpora...,4.1,(10.6k Reviews),Public,"Fremont,California + 52 more",39 years old,10k-50k employees (India)
17,Amazon,4.2,(9.7k Reviews),Private,"Seattle,Washington + 272 more",18 years old,10k-50k employees (India)
18,HDB Financial Serv...,4.0,(9.6k Reviews),Private,"Ahmedabad,Gujrat + 629 more",15 years old,1 Lakh+ employees (India)
19,Kotak Mahindra Ban...,3.8,(7.5k Reviews),Public,"Mumbai,Maharashtra + 410 more",19 years old,10k-50k employees (India)
20,Tata Motors,4.1,(7.3k Reviews),Public,"Pune,Maharashtra + 344 more",77 years old,50k-1 Lakh employees (India)
21,Teleperformance,3.6,(7.2k Reviews),Private,Paris + 88 more,44 years old,50k-1 Lakh employees (India)
22,Bharti Airtel,4.1,(7.1k Reviews),Public,"Gurgaon/Gurugram,Haryana + 413 more",27 years old,5k-10k employees (India)
23,Reliance Industrie...,4.0,(6.7k Reviews),Public,"Navi Mumbai,Maharashtra + 327 more",49 years old,1 Lakh+ employees (India)
24,Deloitte,3.9,(5.6k Reviews),Private,"New York,New York + 99 more",177 years old,10k-50k employees (India)
25,Mahindra & Mahindr...,4.2,(5.3k Reviews),Public,"Mumbai,Maharashtra + 341 more",77 years old,10k-50k employees (India)
26,IndusInd Bank,3.7,(5.1k Reviews),Public,"Gurgaon/Gurugram,Haryana + 466 more",28 years old,10k-50k employees (Global)
27,Hinduja Global Sol...,3.9,(4.9k Reviews),Public,"Bangalore/Bengaluru,Karnataka + 64 more",22 years old,10k-50k employees (India)
28,Samsung,4.2,(4.6k Reviews),Private,"Suwon-Si,Gyeonggi-Do + 379 more",84 years old,50k-1 Lakh employees (India)
29,WNS,3.7,(4.6k Reviews),Private,"Mumbai,Maharashtra + 18 more",26 years old,10k-50k employees (Global)
30,Reliance Retail,4.1,(4.6k Reviews),Private,"Navi Mumbai,Maharashtra + 343 more",16 years old,1 Lakh+ employees (India)
31,Maruti Suzuki,4.1,(4.6k Reviews),Public,"New Delhi,Delhi + 330 more",39 years old,10k-50k employees (India)
32,Indian Army,4.7,(4.5k Reviews),"New Delhi,Delhi + 249 more",127 years old,1 Lakh+ employees (Global),
33,DXC Technology,3.5,(4.4k Reviews),Public,Virginia + 47 more,31 years old,1 Lakh+ employees (Global)
34,Infosys BPM,4.0,(4k Reviews),"Bangalore/Bengaluru,Karnataka + 33 more",20 years old,10k-50k employees (India),
35,Ericsson,4.2,(4k Reviews),Private,"Kista,Stockholm + 120 more",146 years old,10k-50k employees (India)
36,Bajaj Finserv,4.0,(3.8k Reviews),Public,Pune + 530 more,15 years old,10k-50k employees (India)
37,HSBC,4.1,(3.8k Reviews),Private,"Pune,Maharashtra + 47 more",20 years old,10k-50k employees (India)
38,Startek,3.6,(3.8k Reviews),"Mumbai,Maharashtra + 44 more",5 years old,1k-5k employees (India),
39,Ernst & Young,3.7,(3.7k Reviews),Private,London + 54 more,20 years old,50k-1 Lakh employees (India)
40,Dr. Reddy's,4.2,(3.7k Reviews),Public,"Hyderabad/Secunderabad,Telangana + 117 more",36 years old,10k-50k employees (India)
41,Jana Small Finance...,3.9,(3.7k Reviews),Public,"Bangalore/Bengaluru,Karnataka + 274 more",16 years old,10k-50k employees (Global)
42,Conneqt Business S...,3.8,(3.7k Reviews),"Mumbai,Maharashtra + 131 more",20 years old,10k-50k employees (India),
43,Cipla Pharmaceutic...,4.0,(3.6k Reviews),Public,"Mumbai,Maharashtra + 169 more",87 years old,10k-50k employees (India)
44,ICICI Prudential L...,4.1,(3.6k Reviews),Public,"Mumbai,Maharashtra + 362 more",22 years old,10k-50k employees (India)
45,Sutherland Global ...,3.8,(3.6k Reviews),Private,"Pittsford,New York + 31 more",36 years old,10k-50k employees (India)
46,Mphasis,3.7,(3.4k Reviews),Public,"Bangalore/Bengaluru,Karnataka + 35 more",22 years old,10k-50k employees (Global)
47,Bajaj Allianz Life...,4.1,(3.3k Reviews),Private,Pune + 376 more,21 years old,10k-50k employees (India)
48,Home Credit Financ...,4.2,(3.3k Reviews),Private,Gurugram + 95 more,10 years old,10k-50k employees (India)
49,IDFC FIRST Bank,3.8,(3.3k Reviews),Public,"Mumbai,Maharashtra + 265 more",12 years old,10k-50k employees (India)
50,Lupin,4.2,(3.3k Reviews),Public,"Mumbai,Maharashtra + 117 more",54 years old,10k-50k employees (India)
51,Yes Bank,3.9,(3.2k Reviews),Public,"Mumbai,Maharashtra + 296 more",18 years old,10k-50k employees (India)
52,Asian Paints,4.3,(3.2k Reviews),Public,"Mumbai,Maharashtra + 268 more",80 years old,5k-10k employees (India)
53,Intelenet Global S...,3.7,(3.2k Reviews),Private,"Mumbai,Maharashtra + 55 more",22 years old,10k-50k employees (India)
54,HDFC LIFE,4.1,(3.1k Reviews),"Mumbai,Maharashtra + 349 more",22 years old,10k-50k employees (India),
55,Hewlett-Packard En...,4.3,(3k Reviews),Private,"Palo Alto,California + 76 more",83 years old,10k-50k employees (India)
56,Reliance Communica...,4.0,(2.9k Reviews),Public,"Navi Mumbai,Maharashtra + 343 more",20 years old,1k-5k employees (Global)
57,NTT DATA,3.8,(2.9k Reviews),Private,"Chiyoda City,Tokyo + 30 more",34 years old,10k-50k employees (India)
58,Zydus Cadila,4.1,(2.9k Reviews),Public,"Ahmedabad, India + 122 more",70 years old,10k-50k employees (India)
59,OPPO,4.0,(2.9k Reviews),Public,"Dongguan,Guangdong + 279 more",18 years old,10k-50k employees (India)
60,Bajaj Finance,4.2,(2.8k Reviews),Private,"Pune,Maharashtra + 517 more",35 years old,1k-5k employees (India)
61,Future Group,4.2,(2.8k Reviews),Private,"Mumbai,Maharashtra + 181 more",9 years old,50k-1 Lakh employees (India)
62,Hindustan Unilever...,4.3,(2.8k Reviews),Public,"Mumbai,Maharashtra + 285 more",89 years old,10k-50k employees (India)
63,ITC,4.0,(2.8k Reviews),Public,"Kolkata,West Bengal + 180 more",47 years old,10k-50k employees (India)
64,EXL Service,3.8,(2.8k Reviews),Private,"New York,New York + 25 more",23 years old,10k-50k employees (India)
65,Ujjivan Small Fina...,4.1,(2.8k Reviews),Public,"Bangalore/Bengaluru,Karnataka + 318 more",5 years old,10k-50k employees (India)
66,Shriram Transport ...,4.2,(2.8k Reviews),Public,"Mumbai,Maharashtra + 544 more",43 years old,10k-50k employees (India)
67,Ashok Leyland,4.2,(2.8k Reviews),Public,"Chennai,Tamil Nadu + 165 more",74 years old,10k-50k employees (India)
68,Shapoorji Pallonji,4.2,(2.8k Reviews),Private,"Mumbai,Maharashtra + 120 more",157 years old,1k-5k employees (India)
69,Mahindra & Mahindr...,4.3,(2.7k Reviews),Public,"Mumbai,Maharashtra + 479 more",31 years old,10k-50k employees (India)
70,Apollo Hospitals,4.1,(2.7k Reviews),Public,"Chennai,Tamil Nadu + 142 more",39 years old,50k-1 Lakh employees (Global)
71,UltraTech Cement,4.2,(2.7k Reviews),Public,"Mumbai,Maharashtra + 267 more",39 years old,10k-50k employees (India)
72,Udaan,4.2,(2.7k Reviews),Private,Bangalore + 256 more,6 years old,1k-5k employees (India)
73,Sun Pharmaceutical...,4.0,(2.7k Reviews),Public,Mumbai + 125 more,39 years old,10k-50k employees (India)
74,Paytm,3.7,(2.7k Reviews),Private,Noida + 195 more,12 years old,1k-5k employees (India)
75,IIFL,3.8,(2.6k Reviews),Public,"Mumbai,Maharashtra + 361 more",27 years old,5k-10k employees (India)
76,Nokia,4.3,(2.6k Reviews),Private,"Espoo,Southern Finland + 158 more",157 years old,10k-50k employees (India)
77,Wipro BPS,3.8,(2.6k Reviews),Bengaluru + 29 more,22 years old,10k-50k employees (Global),
78,Larsen & Toubro In...,3.9,(2.5k Reviews),Public,"Mumbai,Maharashtra + 70 more",26 years old,10k-50k employees (India)
79,Vivo,4.1,(2.5k Reviews),Private,"Gurgaon/Gurugram,Haryana + 280 more",13 years old,5k-10k employees (India)
80,Aurobindo Pharma,4.1,(2.5k Reviews),Public,"Hyderabad/Secunderabad,Telangana + 39 more",36 years old,1k-5k employees (India)
81,Oyo Rooms,3.5,(2.5k Reviews),Private,Gurgaon + 96 more,9 years old,1k-5k employees (India)
82,PwC,3.6,(2.4k Reviews),Partnership,London + 52 more,24 years old,5k-10k employees (India)
83,TVS Motor,4.1,(2.4k Reviews),Public,"Chennai,Tamil Nadu + 206 more",43 years old,5k-10k employees (India)
84,Siemens,4.2,(2.4k Reviews),Public,Munich + 85 more,30 years old,1k-5k employees (India)
85,eClerx,3.7,(2.3k Reviews),Public,"Mumbai,Maharashtra + 14 more",22 years old,1 Lakh+ employees (Global)
86,JP Morgan Chase,4.1,(2.3k Reviews),Private,"New York,New York + 15 more",22 years old,10k-50k employees (India)
87,Max Life Insurance,4.2,(2.3k Reviews),"Gurgaon/Gurugram,Haryana + 230 more",22 years old,10k-50k employees (India),
88,KPMG,3.7,(2.2k Reviews),"Amstelveen,North Holland + 43 more",35 years old,10k-50k employees (India),
89,Cyient,3.6,(2.2k Reviews),Public,"Hyderabad/Secunderabad,Telangana + 24 more",31 years old,10k-50k employees (Global)
90,Hero MotoCorp,4.2,(2.2k Reviews),Public,"Gurgaon/Gurugram,Haryana + 221 more",38 years old,5k-10k employees (India)
91,Atos Syntel,3.7,(2.2k Reviews),Private,"Troy,Michigan + 14 more",42 years old,10k-50k employees (India)
92,Wipro Consumer Ca...,3.8,(2.2k Reviews),Private,"Bangalore/Bengaluru,Karnataka + 60 more",77 years old,5k-10k employees (Global)
93,Axis Direct,4.0,(2.2k Reviews),Private,"Mumbai,Maharashtra + 259 more",11 years old,1k-5k employees (India)
94,Hyundai Motor,4.3,(2.2k Reviews),Private,Seoul + 193 more,55 years old,5k-10k employees (India)
95,JustDial,3.7,(2.2k Reviews),Public,"Mumbai,Maharashtra + 110 more",26 years old,10k-50k employees (India)
96,Bandhan Bank,3.9,(2.2k Reviews),Public,"Kolkata,West Bengal + 389 more",21 years old,10k-50k employees (Global)
97,Oracle,3.7,(2.1k Reviews),Public,"Redwood City,California + 26 more",45 years old,10k-50k employees (India)
98,Bosch,4.2,(2.1k Reviews),Public,"Gerlingen,Baden-Wuerttemberg + 72 more",136 years old,10k-50k employees (India)
99,JLL,4.2,(2.1k Reviews),Private,"Mumbai,Maharashtra + 51 more",25 years old,10k-50k employees (India)
100,Tata Projects,4.2,(2.1k Reviews),Public,"Mumbai,Maharashtra + 162 more",43 years old,1k-5k employees (Global)
101,Fidelity National ...,4.0,(2.1k Reviews),Private,"Jacksonville,Florida + 26 more",17 years old,10k-50k employees (India)
102,JSW Steel,3.9,(2.1k Reviews),Public,"Mumbai,Maharashtra + 76 more",40 years old,10k-50k employees (India)
103,Dominos Pizza,4.2,(2.1k Reviews),Public,"Ypsilanti,Michigan + 177 more",62 years old,1k-5k employees (India)
104,Godrej & Boyce Man...,4.0,(2.1k Reviews),Private,"Mumbai,Maharashtra + 110 more",125 years old,10k-50k employees (Global)
105,Aditya Birla Fashi...,4.3,(2.1k Reviews),Private,Mumbai + 168 more,7 years old,10k-50k employees (India)
106,Mindtree,4.0,(2.1k Reviews),Public,"Bangalore/Bengaluru,Karnataka + 20 more",23 years old,10k-50k employees (India)
107,First Source,3.9,(2.1k Reviews),Public,"Mumbai,Maharashtra + 39 more",21 years old,10k-50k employees (Global)
108,BYJU'S,2.8,(2k Reviews),Private,Bangalore + 90 more,11 years old,10k-50k employees (India)
109,AU Small Finance B...,3.9,(2k Reviews),Private,"Jaipur,Rajasthan + 231 more",26 years old,10k-50k employees (India)
110,Viatris,4.2,(2k Reviews),"Canonsburg,Pennsylvania + 54 more",61 years old,1k-5k employees (India),
111,UnitedHealth,4.2,(2k Reviews),Private,"Minnetonka,Minnesota + 11 more",45 years old,10k-50k employees (India)
112,Dell,4.1,(2k Reviews),Private,"Round Rock,Texas + 68 more",38 years old,50k-1 Lakh employees (India)
113,iEnergizer,3.4,(1.9k Reviews),Private,"Noida,Uttar Pradesh + 13 more",22 years old,10k-50k employees (Global)
114,TATA Steel,4.1,(1.9k Reviews),Public,"Mumbai,Maharashtra + 97 more",115 years old,10k-50k employees (India)
115,Delhivery,4.2,(1.9k Reviews),Private,Delhi + 332 more,11 years old,10k-50k employees (India)
116,Fullerton India,4.2,(1.9k Reviews),Private,Mumbai + 338 more,15 years old,10k-50k employees (India)
117,Omega Healthcare,3.7,(1.9k Reviews),Private,Florida + 20 more,18 years old,1k-5k employees (India)
118,Manappuram Finance,4.0,(1.9k Reviews),Public,"Thrissur/Trichur,Kerala + 302 more",73 years old,10k-50k employees (Global)
119,Hexaware Technolog...,3.5,(1.9k Reviews),Public,"Mumbai,Maharashtra + 22 more",32 years old,10k-50k employees (India)
120,Muthoot Group,3.8,(1.9k Reviews),Public,"Kochi/Cochin,Kerala + 301 more",135 years old,1k-5k employees (India)
121,Royal Enfield,4.2,(1.8k Reviews),Private,"Gurgaon/Gurugram,Haryana + 188 more",67 years old,1k-5k employees (India)
122,SBI Cards & Paymen...,3.9,(1.8k Reviews),Public,"Gurgaon/Gurugram,Haryana + 193 more",24 years old,1k-5k employees (India)
123,Honda,4.2,(1.8k Reviews),Private,"Greater Noida,Uttar Pradesh + 165 more",37 years old,5k-10k employees (India)
124,Megha Engineering ...,4.3,(1.8k Reviews),Private,"Hyderabad/Secunderabad,Telangana + 137 more",33 years old,5k-10k employees (India)
125,Wells Fargo India,4.1,(1.8k Reviews),Private,"San Francisco,California + 10 more",24 years old,10k-50k employees (India)
126,Motherson Sumi Sys...,3.8,(1.8k Reviews),Public,"Noida,Uttar Pradesh + 53 more",36 years old,1k-5k employees (India)
127,Nagarjuna Construc...,4.1,(1.8k Reviews),Public,"Hyderabad/Secunderabad,Telangana + 148 more",24 years old,5k-10k employees (Global)
128,Simplex Infrastruc...,3.7,(1.8k Reviews),Public,"Kolkata,West Bengal + 111 more",98 years old,1k-5k employees (India)
129,Wipro Enterprises ...,3.8,(1.8k Reviews),Bangalore + 57 more,77 years old,1 Lakh+ employees (Global),
130,JBM Group,4.0,(1.8k Reviews),Public,"Gurgaon/Gurugram,Haryana + 66 more",39 years old,10k-50k employees (Global)
131,State Bank of Indi...,3.9,(1.8k Reviews),"Mumbai,Maharashtra + 263 more",216 years old,1 Lakh+ employees (India),
132,BNY Mellon,4.0,(1.8k Reviews),Private,"New York City,New York + 6 more",18 years old,10k-50k employees (India)
133,Sodexo,4.1,(1.8k Reviews),Private,Issy Les Moulineaux + 95 more,14 years old,5k-10k employees (India)
134,Muthoot Fincorp,4.0,(1.8k Reviews),Private,"Trivandrum/Thiruvananthapuram,Kerala + 338 more",135 years old,10k-50k employees (Global)
135,Arvind Group,4.1,(1.8k Reviews),Public,"Ahmedabad,Gujrat + 125 more",91 years old,10k-50k employees (India)
136,Tata Communication...,4.1,(1.7k Reviews),Public,"Mumbai,Maharashtra + 85 more",36 years old,10k-50k employees (India)
137,LG Electronics,4.1,(1.7k Reviews),Public,"Seoul,Seoul + 164 more",64 years old,5k-10k employees (India)
138,Flex,4.0,(1.7k Reviews),Private,San Jose + 29 more,53 years old,10k-50k employees (India)
139,Hindustan Coca Col...,4.4,(1.7k Reviews),Private,Bangalore + 147 more,25 years old,1k-5k employees (India)
140,Hetero Drugs,4.0,(1.7k Reviews),Private,"Hyderabad/Secunderabad,Telangana + 28 more",29 years old,1k-5k employees (India)
141,Bajaj Auto,3.9,(1.7k Reviews),Public,"Pune,Maharashtra + 169 more",77 years old,201-500 employees (India)
142,Abbott Healthcare,4.2,(1.7k Reviews),Public,"Illinois City,Illinois + 128 more",31 years old,10k-50k employees (India)
143,Cgi Group,4.0,(1.7k Reviews),Private,"Montreal,Quebec + 8 more",31 years old,10k-50k employees (India)
144,Gati kwe,4.1,(1.7k Reviews),Private,"Hyderabad/Secunderabad,Telangana + 136 more",10 years old,1k-5k employees (India)
145,Equitas Small Fina...,4.0,(1.7k Reviews),Private,"Chennai,Tamil Nadu + 244 more",15 years old,1k-5k employees (India)
146,John Deere,4.3,(1.7k Reviews),Private,"Moline,Illinois + 80 more",21 years old,1k-5k employees (India)
147,L & T Finance,4.1,(1.7k Reviews),Public,"Mumbai,Maharashtra + 314 more",28 years old,5k-10k employees (India)
148,Ford Motor,4.5,(1.7k Reviews),Public,"Dearborn,Michigan + 91 more",119 years old,5k-10k employees (India)
149,Shoppers Stop,4.3,(1.7k Reviews),Public,"Mumbai,Maharashtra + 53 more",31 years old,10k-50k employees (India)
150,Subros,3.9,(1.7k Reviews),Public,"Noida,Uttar Pradesh + 29 more",37 years old,1k-5k employees (Global)
151,Quess,4.1,(1.7k Reviews),Public,Bangalore + 227 more,15 years old,1k-5k employees (India)
152,Lava International,4.0,(1.6k Reviews),Public,"Noida,Uttar Pradesh + 191 more",13 years old,1k-5k employees (India)
153,McDonald's,4.2,(1.6k Reviews),Private,"Chicago,Illinois + 103 more",67 years old,5k-10k employees (India)
154,Alembic Pharmaceut...,4.2,(1.6k Reviews),Public,"Vadodara/Baroda,Gujrat + 103 more",115 years old,5k-10k employees (India)
155,Tata Teleservices,4.2,(1.6k Reviews),Public,"Mumbai,Maharashtra + 152 more",26 years old,1 Lakh+ employees (Global)
156,D Mart,4.1,(1.6k Reviews),Private,"Mumbai,Maharashtra + 118 more",22 years old,1k-5k employees (Global)
157,SBI Life Insurance...,3.8,(1.6k Reviews),Public,"Mumbai,Maharashtra + 347 more",21 years old,10k-50k employees (Global)
158,CBRE,4.2,(1.6k Reviews),Private,"Los Angeles,California + 39 more",116 years old,5k-10k employees (India)
159,Suzlon Group,4.1,(1.6k Reviews),Public,"Pune,Maharashtra + 69 more",27 years old,5k-10k employees (India)
160,IQVIA,4.2,(1.6k Reviews),Partnership,"Danbury,Connecticut + 32 more",40 years old,10k-50k employees (India)
161,Cholamandalam Inve...,4.2,(1.6k Reviews),Private,"Chennai,Tamil Nadu + 390 more",44 years old,1k-5k employees (India)
162,NatWest Group,4.0,(1.6k Reviews),Chennai + 16 more,10k-50k employees (India),,
163,Schneider Electric,4.2,(1.6k Reviews),Private,Paris + 57 more,23 years old,10k-50k employees (India)
164,ICICI Lombard Gene...,3.9,(1.6k Reviews),Public,"Mumbai,Maharashtra + 155 more",21 years old,5k-10k employees (India)
165,L&T Construction,4.0,(1.6k Reviews),Public,Chennai + 193 more,78 years old,1 Lakh+ employees (Global)
166,Cummins,4.3,(1.6k Reviews),"Columbus,Indiana + 71 more",60 years old,5k-10k employees (India),
167,VE Commercial Vehi...,4.1,(1.5k Reviews),Private,"Gurgaon/Gurugram,Haryana + 94 more",14 years old,1k-5k employees (India)
168,Ecom Express,4.2,(1.5k Reviews),Private,Gurgaon + 361 more,10 years old,10k-50k employees (India)
169,Intas Pharmaceutic...,4.2,(1.5k Reviews),Private,"Ahmedabad,Gujrat + 86 more",22 years old,5k-10k employees (India)
170,CMS IT Services,3.1,(1.5k Reviews),Private,"Bangalore/Bengaluru,Karnataka + 103 more",8 years old,5k-10k employees (Global)
171,Thermax,4.3,(1.5k Reviews),Public,"Pune,Maharashtra + 92 more",42 years old,1k-5k employees (Global)
172,DTDC Express,4.0,(1.5k Reviews),Private,"Bangalore/Bengaluru,Karnataka + 163 more",32 years old,1k-5k employees (India)
173,Glenmark Pharmaceu...,4.2,(1.5k Reviews),Public,"Mumbai,Maharashtra + 95 more",45 years old,5k-10k employees (India)
174,KEC International,4.2,(1.5k Reviews),Public,"Mumbai,Maharashtra + 155 more",77 years old,5k-10k employees (India)
175,UST,3.9,(1.5k Reviews),Private,"Aliso Viejo,California + 25 more",21 years old,10k-50k employees (Global)
176,Bel,4.3,(1.5k Reviews),Private,"Bangalore/Bengaluru,Karnataka + 27 more",68 years old,10k-50k employees (Global)
177,ABB Group,4.0,(1.5k Reviews),Public,Zurich + 81 more,21 years old,5k-10k employees (India)
178,Amdocs,3.9,(1.5k Reviews),Private,"Chesterfield,Missouri + 9 more",40 years old,5k-10k employees (India)
179,Varun Beverages,4.0,(1.5k Reviews),Public,"Gurgaon/Gurugram,Haryana + 154 more",27 years old,1k-5k employees (Global)
180,Reliance Nippon Li...,3.8,(1.5k Reviews),Private,"Mumbai,Maharashtra + 345 more",22 years old,10k-50k employees (India)
181,Ipca Laboratories,4.0,(1.5k Reviews),Public,"Mumbai,Maharashtra + 85 more",73 years old,5k-10k employees (India)
182,Honda Motorcycle &...,4.2,(1.5k Reviews),Private,"Gurgaon/Gurugram,Haryana + 135 more",23 years old,5k-10k employees (India)
183,Robert Bosch Engin...,4.1,(1.5k Reviews),Private,Gerlingen + 15 more,32 years old,1 Lakh+ employees (Global)
184,Indiamart Intermes...,3.7,(1.5k Reviews),Private,"Noida,Uttar Pradesh + 67 more",26 years old,1k-5k employees (Global)
185,State Street Synte...,3.8,(1.5k Reviews),Private,Mumbai + 11 more,18 years old,10k-50k employees (Global)
186,Optum,4.1,(1.5k Reviews),Private,"Noida,Uttar Pradesh + 15 more",13 years old,1k-5k employees (India)
187,Alkem Laboratories,4.1,(1.5k Reviews),Public,"Mumbai,Maharashtra + 102 more",49 years old,10k-50k employees (India)
188,Macleods Pharmaceu...,4.1,(1.5k Reviews),Public,"Mumbai,Maharashtra + 63 more",36 years old,5k-10k employees (Global)
189,Titan Company,4.4,(1.5k Reviews),Public,Mumbai + 105 more,4 years old,5k-10k employees (India)
190,Future Retail,4.2,(1.5k Reviews),Public,"Mumbai,Maharashtra + 168 more",35 years old,10k-50k employees (Global)
191,Indian Oil Corpora...,4.3,(1.5k Reviews),Private,"Delhi/NCR,Delhi + 145 more",63 years old,10k-50k employees (India)
192,Atos,3.9,(1.5k Reviews),Private,Bezons + 27 more,25 years old,10k-50k employees (India)
193,Standard Chartered...,4.0,(1.4k Reviews),Private,London + 54 more,53 years old,5k-10k employees (India)
194,Radisson Hotels,3.9,(1.4k Reviews),Private,"Minnetonka,Minnesota + 84 more",113 years old,50k-1 Lakh employees (Global)
195,Bajaj Electricals,4.1,(1.4k Reviews),Public,"Mumbai,Maharashtra + 145 more",84 years old,1k-5k employees (India)
196,Huawei Technologie...,3.7,(1.4k Reviews),Private,"Gurgaon/Gurugram,Haryana + 81 more",20 years old,501-1k employees (India)
197,Rivigo,3.8,(1.4k Reviews),Private,Gurgaon + 131 more,8 years old,1k-5k employees (India)
198,DCB Bank,3.9,(1.4k Reviews),Private,"Mumbai,Maharashtra + 190 more",92 years old,5k-10k employees (India)
199,TAFE - Tractors an...,4.2,(1.4k Reviews),Public,"Chennai,Tamil Nadu + 116 more",62 years old,1k-5k employees (India)
200,American Express,4.3,(1.4k Reviews),Private,"New York,New York + 31 more",172 years old,10k-50k employees (India)
201,Torrent Pharmaceut...,4.1,(1.4k Reviews),Public,"Ahmedabad,Gujrat + 80 more",51 years old,5k-10k employees (India)
202,Havells,4.1,(1.4k Reviews),Public,"Noida,Uttar Pradesh + 99 more",39 years old,5k-10k employees (India)
203,BigBasket,4.1,(1.4k Reviews),Private,"Bangalore/Bengaluru,Karnataka + 53 more",11 years old,1k-5k employees (India)
204,PepsiCo,4.2,(1.4k Reviews),Private,"Harrison,New York + 183 more",33 years old,1 Lakh+ employees (India)
205,Whitehat jr,4.0,(1.4k Reviews),"Mumbai,Maharashtra + 36 more",4 years old,5k-10k employees (India),
206,Hindalco Industrie...,4.2,(1.4k Reviews),Public,"Mumbai,Maharashtra + 59 more",64 years old,10k-50k employees (India)
207,Team Lease,4.0,(1.4k Reviews),Public,"Bangalore/Bengaluru,Karnataka + 144 more",6 years old,1 Lakh+ employees (Global)
208,Deutsche Bank,4.2,(1.4k Reviews),Private,Frankfurt + 27 more,152 years old,10k-50k employees (India)
209,HCL Infosystems,3.9,(1.4k Reviews),Public,"Noida,Uttar Pradesh + 93 more",46 years old,1 Lakh+ employees (Global)
210,ACC,4.1,(1.3k Reviews),Public,"Mumbai,Maharashtra + 143 more",86 years old,5k-10k employees (India)
211,GlobalLogic,3.9,(1.3k Reviews),Private,"San Jose,California + 18 more",22 years old,5k-10k employees (India)
212,KPIT Technologies,3.3,(1.3k Reviews),Private,"Pune,Maharashtra + 19 more",32 years old,5k-10k employees (Global)
213,24/7 Customer,3.6,(1.3k Reviews),Private,San Jose + 15 more,22 years old,5k-10k employees (India)
214,Pidilite Industrie...,4.4,(1.3k Reviews),Public,"Mumbai,Maharashtra + 141 more",63 years old,5k-10k employees (India)
215,Landmark Group,4.1,(1.3k Reviews),Private,"Dubai Marina,Dubai + 92 more",49 years old,1k-5k employees (India)
216,Fortis Healthcare,4.0,(1.3k Reviews),Public,"Gurgaon/Gurugram,Haryana + 49 more",26 years old,10k-50k employees (Global)
217,Eureka Forbes,4.0,(1.3k Reviews),Private,"Mumbai,Maharashtra + 133 more",40 years old,10k-50k employees (Global)
218,Randstad,4.1,(1.3k Reviews),Private,"Chennai,Tamil Nadu + 157 more",30 years old,1k-5k employees (India)
219,Patanjali Ayurved,4.0,(1.3k Reviews),Private,"Haridwar,Uttarakhand + 187 more",16 years old,10k-50k employees (Global)
220,Capita,3.7,(1.3k Reviews),Private,"Indore,Madhya Pradesh + 11 more",17 years old,1k-5k employees (India)
221,Swiggy,4.1,(1.3k Reviews),Private,Bangalore + 111 more,8 years old,1k-5k employees (India)
222,Muthoot Finance,3.6,(1.3k Reviews),"Kochi/Cochin,Kerala + 288 more",83 years old,10k-50k employees (India),
223,Jindal Steel and P...,3.9,(1.3k Reviews),Private,"Delhi/NCR,New Delhi + 74 more",70 years old,10k-50k employees (Global)
224,DHFL,4.5,(1.3k Reviews),Public,"Mumbai,Maharashtra + 185 more",38 years old,5k-10k employees (Global)
225,Ola Cabs,4.0,(1.3k Reviews),Private,Bangalore + 76 more,12 years old,1k-5k employees (India)
226,Apollo Tyres,4.2,(1.3k Reviews),Public,"Gurgaon/Gurugram,Haryana + 117 more",50 years old,5k-10k employees (India)
227,Pfizer,4.2,(1.3k Reviews),Public,"Chennai,Tamil Nadu + 85 more",18 years old,1k-5k employees (India)
228,Dabur,4.2,(1.3k Reviews),Public,"Ghaziabad,Uttar Pradesh + 152 more",138 years old,5k-10k employees (Global)
229,Vishal Mega Mart,3.9,(1.3k Reviews),Private,"Ahmedabad,Gujrat + 194 more",14 years old,5k-10k employees (Global)
230,Dilip Buildcon,4.0,(1.3k Reviews),Public,"Bhopal,Madhya Pradesh + 117 more",35 years old,10k-50k employees (Global)
231,RSPL Group,4.0,(1.3k Reviews),Private,"Mumbai,Maharashtra + 111 more",35 years old,10k-50k employees (Global)
232,Lifestyle,4.3,(1.3k Reviews),Private,"Bangalore/Bengaluru,Karnataka + 76 more",8 years old,10k-50k employees (India)
233,Life Insurance Cor...,4.3,(1.3k Reviews),Private,Mumbai + 294 more,66 years old,1 Lakh+ employees (Global)
234,Maersk,4.2,(1.3k Reviews),Private,Copenhagen + 15 more,118 years old,5k-10k employees (India)
235,NIIT Technologies,3.4,(1.3k Reviews),Public,"Noida,Uttar Pradesh + 74 more",18 years old,5k-10k employees (Global)
236,G4S,4.2,(1.3k Reviews),Private,"Gurgaon/Gurugram,Haryana + 87 more",26 years old,1 Lakh+ employees (India)
237,Max Healthcare,4.2,(1.3k Reviews),"Delhi/NCR,New Delhi + 45 more",21 years old,1k-5k employees (Global),
238,Ceat Tyres,4.2,(1.3k Reviews),Public,"Mumbai,Maharashtra + 76 more",64 years old,5k-10k employees (India)
239,MRF Tyres,3.7,(1.3k Reviews),Public,"Chennai,Tamil Nadu + 141 more",76 years old,10k-50k employees (Global)
240,PNB MetLife,3.6,(1.2k Reviews),Private,"Mumbai,Maharashtra + 190 more",21 years old,5k-10k employees (India)
241,Virtusa Consulting...,3.5,(1.2k Reviews),Private,"Southborough,Massachusetts + 18 more",26 years old,5k-10k employees (India)
242,Kotak Mahindara Li...,3.8,(1.2k Reviews),"Mumbai,Maharashtra + 139 more",21 years old,10k-50k employees (Global),
243,Conduent,3.6,(1.2k Reviews),Private,"Florham Park,New Jersey + 16 more",5 years old,5k-10k employees (India)
244,Delhi Public Schoo...,3.9,(1.2k Reviews),Public,"Greater Noida,Uttar Pradesh + 185 more",24 years old,1k-5k employees (Global)
245,BHEL,4.2,(1.2k Reviews),Private,"Bangalore/Bengaluru,Karnataka + 74 more",58 years old,10k-50k employees (Global)
246,RBL Bank,3.8,(1.2k Reviews),Public,"Mumbai,Maharashtra + 150 more",79 years old,1k-5k employees (India)
247,café Coffee day,4.1,(1.2k Reviews),Private,"Bengaluru,Karnataka + 75 more",26 years old,5k-10k employees (Global)
248,Tata AIA Life Insu...,3.9,(1.2k Reviews),Private,"Mumbai,Maharashtra + 160 more",21 years old,10k-50k employees (Global)
249,Nestle,4.1,(1.2k Reviews),Public,Vevey + 151 more,63 years old,5k-10k employees (India)
250,Raymond,4.0,(1.2k Reviews),Public,"Thane,Maharashtra + 95 more",97 years old,1k-5k employees (India)
251,Escorts Group,4.2,(1.2k Reviews),Public,"Faridabad,Haryana + 78 more",62 years old,5k-10k employees (India)
252,MAGMA Fincorp,4.1,(1.2k Reviews),Public,"Mumbai,Maharashtra + 223 more",34 years old,5k-10k employees (Global)
253,Blue Dart Express,4.2,(1.2k Reviews),Public,"Mumbai,Maharashtra + 153 more",39 years old,10k-50k employees (India)
254,Itc Infotech India,3.4,(1.2k Reviews),Private,"Bangalore/Bengaluru,Karnataka + 34 more",22 years old,5k-10k employees (Global)
255,Bhushan Power & St...,3.9,(1.2k Reviews),Private,"Delhi/NCR,New Delhi + 42 more",52 years old,5k-10k employees (Global)
256,Voltas,4.1,(1.2k Reviews),Public,"Mumbai,Maharashtra + 115 more",68 years old,10k-50k employees (Global)
257,PVR Cinemas,4.4,(1.1k Reviews),Public,Gurgaon + 79 more,25 years old,1k-5k employees (India)
258,Biocon Biologics I...,3.9,(1.1k Reviews),Public,"Bangalore/Bengaluru,Karnataka + 51 more",44 years old,10k-50k employees (Global)
259,GeBBS Healthcare S...,3.8,(1.1k Reviews),Private,"Culver City,California + 8 more",17 years old,1k-5k employees (India)
260,Aakash Institute,3.5,(1.1k Reviews),Private,"New Delhi,Delhi + 119 more",34 years old,5k-10k employees (India)
261,I Process Services,4.0,(1.1k Reviews),Private,"Delhi/NCR,Delhi + 168 more",17 years old,5k-10k employees (Global)
262,PolicyBazaar,3.7,(1.1k Reviews),Private,Gurgaon + 16 more,14 years old,5k-10k employees (India)
263,Mankind Pharma,4.1,(1.1k Reviews),Private,"New Delhi,Delhi + 125 more",27 years old,10k-50k employees (Global)
264,HDFC Ergo General ...,3.9,(1.1k Reviews),Public,"Mumbai,Maharashtra + 125 more",20 years old,1k-5k employees (India)
265,Suzuki,4.1,(1.1k Reviews),Private,"Vadodara/Baroda,Gujarat + 113 more",8 years old,1k-5k employees (India)
266,Bank of America,4.4,(1.1k Reviews),Private,Charlotte + 26 more,24 years old,10k-50k employees (India)
267,Big Bazaar,4.2,(1.1k Reviews),Private,"Mumbai,Maharashtra + 143 more",21 years old,10k-50k employees (Global)
268,Sterling & Wilson,4.1,(1.1k Reviews),Private,"Mumbai,Maharashtra + 60 more",95 years old,1k-5k employees (India)
269,Reliance Digital,4.3,(1.1k Reviews),Private,"Mumbai,Maharashtra + 179 more",15 years old,1k-5k employees (India)
270,Indian Navy,4.6,(1.1k Reviews),Private,"Delhi/NCR,Delhi + 51 more",72 years old,50k-1 Lakh employees (Global)
271,JK Cement,4.2,(1.1k Reviews),Public,Iselin + 157 more,48 years old,1k-5k employees (India)
272,L&T Technology Ser...,3.2,(1.1k Reviews),"Vadodara/Baroda,Gujarat + 17 more",10 years old,10k-50k employees (Global),
273,JMC Projects,4.3,(1.1k Reviews),Public,"Mumbai,Maharashtra + 74 more",40 years old,1k-5k employees (India)
274,Birla Sun Life Ins...,4.2,(1.1k Reviews),"Mumbai,Maharashtra + 237 more",22 years old,10k-50k employees (Global),
275,Renault-Nissan,4.1,(1.1k Reviews),"Chennai,Tamil Nadu + 53 more",12 years old,1 Lakh+ employees (Global),
276,Emcure Pharmaceuti...,4.0,(1.1k Reviews),Private,Pune + 71 more,41 years old,10k-50k employees (Global)
277,Exide Life Insuran...,3.6,(1.1k Reviews),Private,"Bangalore/Bengaluru,Karnataka + 175 more",21 years old,1k-5k employees (India)
278,Aditya Birla Group,4.2,(1.1k Reviews),"Mumbai,Maharashtra + 153 more",165 years old,1 Lakh+ employees (India),
279,AFCONS Infrastruct...,4.4,(1.1k Reviews),Partnership,"Mumbai,Maharashtra + 57 more",63 years old,5k-10k employees (India)
280,Micro Labs,3.7,(1.1k Reviews),Private,"Bangalore/Bengaluru,Karnataka + 85 more",49 years old,10k-50k employees (Global)
281,The Himalaya Drug ...,4.2,(1.1k Reviews),Private,"Bangalore/Bengaluru,Karnataka + 122 more",92 years old,5k-10k employees (India)
282,Tata AIG General I...,4.0,(1.1k Reviews),Private,"Mumbai,Maharashtra + 153 more",22 years old,1k-5k employees (Global)
283,Ajanta Pharma,4.0,(1.1k Reviews),Public,"Mumbai,Maharashtra + 77 more",49 years old,5k-10k employees (Global)
284,Berger Paints,3.8,(1.1k Reviews),Public,"Kolkata,West Bengal + 146 more",99 years old,5k-10k employees (Global)
285,Yamaha Motor,3.9,(1.1k Reviews),Private,"Iwata,Shizuoka + 88 more",15 years old,1k-5k employees (India)
286,R.R. Donnelley,4.1,(1.1k Reviews),Private,"Chicago,Illinois + 7 more",158 years old,1-10 employees (India)
287,Cholamandalam MS G...,3.9,(1.1k Reviews),JV,"Chennai,Tamil Nadu + 234 more",21 years old,10k-50k employees (India)
288,TVS Sundram Fasten...,3.9,(1.1k Reviews),Public,"Chennai,Tamil Nadu + 32 more",56 years old,10k-50k employees (Global)
289,Blue Star,4.0,(1.1k Reviews),Public,"Mumbai,Maharashtra + 88 more",79 years old,1k-5k employees (India)
290,Exide Industries,3.8,(1.1k Reviews),Public,"Kolkata,West Bengal + 138 more",75 years old,10k-50k employees (Global)
291,Indiabulls,3.8,(1.1k Reviews),Public,"Gurgaon/Gurugram,Haryana + 131 more",22 years old,10k-50k employees (India)
292,Sonalika Tractors,4.0,(1.1k Reviews),Private,"Hoshiarpur,Punjab + 103 more",53 years old,10k-50k employees (Global)
293,Utkarsh Small Fina...,3.9,(1k Reviews),Public,"Varanasi/Benaras,Uttar Pradesh + 157 more",13 years old,1k-5k employees (India)
294,Hyatt Regency,4.3,(1k Reviews),Private,"New Delhi,Delhi + 36 more",42 years old,1k-5k employees (India)
295,Mahindra Holidays ...,3.7,(1k Reviews),Private,"Chennai,Tamil Nadu + 79 more",26 years old,1k-5k employees (India)
296,Ekart Logistics,4.2,(1k Reviews),Private,"Bangalore/Bengaluru,Karnataka + 274 more",13 years old,5k-10k employees (India)
297,Cogent E Services,3.2,(1k Reviews),Private,"Noida,Uttar Pradesh + 20 more",18 years old,5k-10k employees (Global)
298,Karvy Data Managem...,3.5,(1k Reviews),Private,"Hyderabad/Secunderabad,Telangana + 81 more",14 years old,1k-5k employees (Global)
